group name,group sum,group mean,group std per feat,group var
SEGMENTAL_POSITIONAL_ABSOLUTE,155256.0,2504.1290322580644,2798.61474609375,7832244.5
SEGMENTAL_QUALITATIVE,1308791.0,1615.7913580246914,1974.7557373046875,3899660.0
