group name,group sum,group mean,group std per feat,group var
PHRASAL_POSITIONAL_ABSOLUTE,159276.21875,5688.436383928572,3852.969970703125,14845378.0
SYLLABIC_POSITIONAL_ABSOLUTE,834898.0,3727.223214285714,3106.869384765625,9652638.0
SEGMENTAL_POSITIONAL_ABSOLUTE,194263.171875,3133.2769657258063,2444.953369140625,5977796.5
WORD_POSITIONAL_ABSOLUTE,256655.90625,2333.2355113636363,1528.4959716796875,2336300.0
