group name,group sum,group mean,group std per feat,group var
SEGMENTAL_QUALITATIVE,-862511.0625,-1064.8284722222222,1755.9140625,3083234.25
SEGMENTAL_POSITIONAL_ABSOLUTE,-39007.21484375,-629.1486265120968,1020.154541015625,1040715.3125
