group name,group sum,group mean,group std per feat,group var
SYLLABIC_COMPOSITIONAL,1930.2957763671875,21.447730848524305,20.89691162109375,436.680908203125
SYLLABIC_POSITIONAL_ABSOLUTE,4371.193359375,19.514256068638392,16.26633071899414,264.5935363769531
SYLLABIC_QUALITATIVE,1905.5782470703125,18.322867760291466,19.012304306030273,361.46771240234375
SYLLABIC_PARENTAL_COMPOSITION,2623.73779296875,16.818832006209934,17.84035301208496,318.2781982421875
SYLLABIC_POSITIONAL_RELATIVE,2674.4658203125,13.929509480794271,11.807029724121094,139.40594482421875
