group name,group sum,group mean,group std per feat,group var
SYLLABIC_PARENTAL_COMPOSITION,-1089.3009033203125,-6.982698098207131,11.943150520324707,142.6388397216797
WORD_PARENTAL_COMPOSITION,-175.39622497558594,-2.307845065468236,4.588968276977539,21.058629989624023
