group name,group sum,group mean,group std per feat,group var
SYLLABIC_QUALITATIVE,695.520263671875,6.687694842998798,25.212051391601562,635.6475219726562
SEGMENTAL_QUALITATIVE,2336.544189453125,2.884622456114969,16.642391204833984,276.9692077636719
