group name,group sum,group mean,group std per feat,group var
WORD_POSITIONAL_RELATIVE,164504.34375,3163.5450721153848,5583.15185546875,31171582.0
SYLLABIC_POSITIONAL_RELATIVE,510823.09375,2660.5369466145835,2255.14306640625,5085670.0
