group name,group sum,group mean,group std per feat,group var
SEGMENTAL_POSITIONAL_ABSOLUTE,194263.171875,3133.2769657258063,2444.953369140625,5977796.5
SEGMENTAL_QUALITATIVE,2171302.0,2680.6197530864197,1965.1141357421875,3861673.75
