group name,group sum,group mean,group std per feat,group var
SEGMENTAL_POSITIONAL_ABSOLUTE,608.6322631835938,9.816649406186995,17.960569381713867,322.5820617675781
SYLLABIC_POSITIONAL_ABSOLUTE,1469.531982421875,6.560410635811942,24.149179458618164,583.182861328125
WORD_POSITIONAL_ABSOLUTE,708.18603515625,6.438054865056818,12.653660774230957,160.11512756347656
PHRASAL_POSITIONAL_ABSOLUTE,-175.67764282226562,-6.274201529366629,35.27796936035156,1244.5350341796875
