group name,group sum,group mean,group std per feat,group var
SYLLABIC_COMPOSITIONAL,368686.46875,4096.516319444445,3991.31298828125,15930580.0
WORD_COMPOSITIONAL,266850.09375,2965.001041666667,2003.3262939453125,4013316.0
UTTERANCE_COMPOSITIONAL,501256.5625,2880.784841954023,2493.12060546875,6215650.5
PHRASAL_COMPOSITIONAL,981670.75,2315.2612028301887,1799.2042236328125,3237136.0
