group name,group sum,group mean,group std per feat,group var
WORD_POSITIONAL_RELATIVE,482.00762939453125,9.26937748835637,31.986234664916992,1023.1192626953125
SYLLABIC_POSITIONAL_RELATIVE,648.6431884765625,3.378349939982096,17.598987579345703,309.724365234375
