group name,group sum,group mean,group std per feat,group var
SYLLABIC_QUALITATIVE,363965.40625,3499.6673677884614,3631.349365234375,13186698.0
SEGMENTAL_QUALITATIVE,2171302.0,2680.6197530864197,1965.1141357421875,3861673.75
