group name,group sum,group mean,group std per feat,group var
SYLLABIC_COMPOSITIONAL,1930.2957763671875,21.447730848524305,20.89691162109375,436.680908203125
WORD_COMPOSITIONAL,1397.1202392578125,15.523558213975694,10.488607406616211,110.01087951660156
UTTERANCE_COMPOSITIONAL,2624.3798828125,15.08264300466954,13.052989959716797,170.38055419921875
PHRASAL_COMPOSITIONAL,5139.63671875,12.12178471403302,9.419913291931152,88.73477172851562
