group name,group sum,group mean,group std per feat,group var
SYLLABIC_QUALITATIVE,-605.0286865234375,-5.8175835242638225,8.97056770324707,80.47107696533203
SEGMENTAL_QUALITATIVE,-4515.76513671875,-5.575018687307098,9.193267822265625,84.51616668701172
