group name,group sum,group mean,group std per feat,group var
UTTERANCE_COMPOSITIONAL,-197432.390625,-1134.668911637931,1738.85791015625,3023627.0
SYLLABIC_COMPOSITIONAL,-98483.34375,-1094.259375,3065.55224609375,9397611.0
WORD_COMPOSITIONAL,-73225.0234375,-813.6113715277778,1306.5291748046875,1707018.5
PHRASAL_COMPOSITIONAL,-326260.9375,-769.4833431603773,1229.1907958984375,1510909.875
