group name,group sum,group mean,group std per feat,group var
SEGMENTAL_POSITIONAL_ABSOLUTE,812.8583984375,13.110619329637096,14.652425765991211,214.69357299804688
SYLLABIC_POSITIONAL_ABSOLUTE,2920.36279296875,13.03733389718192,16.930633544921875,286.6463623046875
PHRASAL_POSITIONAL_ABSOLUTE,329.114501953125,11.75408935546875,12.53896427154541,157.22561645507812
WORD_POSITIONAL_ABSOLUTE,1025.9674072265625,9.326976429332387,9.526095390319824,90.74649047851562
