group name,group sum,group mean,group std per feat,group var
PHRASAL_POSITIONAL_ABSOLUTE,-504.79217529296875,-18.028291974748885,25.85553741455078,668.5087890625
PHRASAL_COMPOSITIONAL,-1708.172119140625,-4.028707828161852,6.435553550720215,41.416351318359375
