group name,group sum,group mean,group std per feat,group var
UTTERANCE_COMPOSITIONAL,-1033.6773681640625,-5.94067452967852,9.103968620300293,82.88224792480469
SYLLABIC_COMPOSITIONAL,-515.6199951171875,-5.729111056857639,16.050020217895508,257.6031494140625
WORD_COMPOSITIONAL,-383.3770446777344,-4.259744940863715,6.840463638305664,46.79194259643555
PHRASAL_COMPOSITIONAL,-1708.172119140625,-4.028707828161852,6.435553550720215,41.416351318359375
