group name,group sum,group mean,group std per feat,group var
PHRASAL_POSITIONAL_ABSOLUTE,329.114501953125,11.75408935546875,12.53896427154541,157.22561645507812
PHRASAL_COMPOSITIONAL,3431.46435546875,8.093076310067806,10.166733741760254,103.36247253417969
