group name,group sum,group mean,group std per feat,group var
SYLLABIC_QUALITATIVE,132844.40625,1277.3500600961538,4815.50390625,23189076.0
SEGMENTAL_QUALITATIVE,446280.0,550.9629629629629,3178.697265625,10104116.0
