group name,group sum,group mean,group std per feat,group var
SYLLABIC_COMPOSITIONAL,1414.6756591796875,15.71861843532986,18.707334518432617,349.96435546875
WORD_COMPOSITIONAL,1013.7431640625,11.263812934027778,12.269525527954102,150.541259765625
UTTERANCE_COMPOSITIONAL,1590.702880859375,9.14197057965158,13.675703048706055,187.02484130859375
PHRASAL_COMPOSITIONAL,3431.46435546875,8.093076310067806,10.166733741760254,103.36247253417969
