group name,group sum,group mean,group std per feat,group var
VUV,324297.71875,162148.859375,0.0,0.0
SYLLABLE_ACCENT_TYPE,90508.7734375,2154.9707961309523,6593.68017578125,43476620.0
SYLLABLE_LEN_IN_SEGMENTS,171719.734375,1907.997048611111,5329.05126953125,28398786.0
WORD_SURROUNDINGS,144646.203125,1903.2395148026317,2832.720458984375,8024305.5
SEG_POS_IN_SYL,116248.75,1874.9798387096773,3430.46826171875,11768113.0
SYLLABLE_ACCENTED,25915.06640625,1851.076171875,3186.346435546875,10152803.0
RELATIVE_WORD_POSITION,92063.53125,1770.4525240384614,6109.38037109375,37324528.0
WORD_LEN_IN_SYLS,120400.0390625,1337.7782118055557,3222.50439453125,10384535.0
SYLLABLE_POSITION,280680.78125,1253.0392020089287,4612.494140625,21275102.0
WORD_POSITION,135263.53125,1229.6684659090909,2416.850341796875,5841165.0
SYLLABLE_STRESS,16165.85546875,1154.7039620535713,3511.33349609375,12329463.0
PHRASE_LEN,329148.875,776.294516509434,2706.69970703125,7326223.5
QUINTPHONE_SEGMENT_VC,15333.994140625,766.69970703125,2280.63427734375,5201293.0
RELATIVE_SYLLABLE_POSITION,123890.875,645.2649739583334,3361.4072265625,11299059.0
UTTERANCE_LEN,106391.78125,611.4470186781609,3671.14404296875,13477299.0
QUINTPHONE_SEGMENTAL_FEATURES,446280.0,550.9629629629629,3178.697265625,10104116.0
QUINTPHONE_SEGMENT_ARTICULATORY_TYPE,430945.90625,545.5011471518987,3197.972900390625,10227031.0
SYLLABLE_NEIGHBOURHOOD,85021.0625,545.0068108974359,4556.314453125,20760002.0
SYLLABLE_NUCLEUS,254.72314453125,7.491857192095588,2293.85009765625,5261748.0
PHRASE_POSITION,-33554.54296875,-1198.3765345982142,6738.09814453125,45401964.0
