group name,group sum,group mean,group std per feat,group var
SEGMENTAL_QUALITATIVE,-4515.76513671875,-5.575018687307098,9.193267822265625,84.51616668701172
SEGMENTAL_POSITIONAL_ABSOLUTE,-204.22630310058594,-3.2939726306546118,5.341125965118408,28.52762794494629
