group name,group sum,group mean,group std per feat,group var
SEGMENTAL_POSITIONAL_ABSOLUTE,155256.0,2504.1290322580644,2798.61474609375,7832244.5
SYLLABIC_POSITIONAL_ABSOLUTE,557789.375,2490.1311383928573,3233.752685546875,10457157.0
PHRASAL_POSITIONAL_ABSOLUTE,62860.8515625,2245.0304129464284,2394.942138671875,5735748.0
WORD_POSITIONAL_ABSOLUTE,195959.703125,1781.451846590909,1819.4837646484375,3310521.0
