group name,group sum,group mean,group std per feat,group var
VUV,1697.8956298828125,848.9478149414062,0.0,0.0
SYLLABLE_ACCENT_TYPE,473.86767578125,11.282563709077381,34.521873474121094,1191.759765625
SYLLABLE_LEN_IN_SEGMENTS,899.0555419921875,9.989506022135417,27.900787353515625,778.4539184570312
WORD_SURROUNDINGS,757.3099975585938,9.964605231034128,14.83099365234375,219.9583740234375
SEG_POS_IN_SYL,608.6322631835938,9.816649406186995,17.960569381713867,322.5820617675781
SYLLABLE_ACCENTED,135.6807861328125,9.691484723772321,16.68242073059082,278.3031921386719
RELATIVE_WORD_POSITION,482.00762939453125,9.26937748835637,31.986234664916992,1023.1192626953125
WORD_LEN_IN_SYLS,630.3662109375,7.004069010416667,16.871740341186523,284.6556091308594
SYLLABLE_POSITION,1469.531982421875,6.560410635811942,24.149179458618164,583.182861328125
WORD_POSITION,708.18603515625,6.438054865056818,12.653660774230957,160.11512756347656
SYLLABLE_STRESS,84.63809967041016,6.04557854788644,18.383960723876953,337.9700012207031
PHRASE_LEN,1723.292236328125,4.064368481905955,14.171201705932617,200.82296752929688
QUINTPHONE_SEGMENT_VC,80.2826919555664,4.0141345977783205,11.940494537353516,142.57540893554688
RELATIVE_SYLLABLE_POSITION,648.6431884765625,3.378349939982096,17.598987579345703,309.724365234375
UTTERANCE_LEN,557.0252075195312,3.20129429608926,19.22064971923828,369.4333801269531
QUINTPHONE_SEGMENTAL_FEATURES,2336.544189453125,2.884622456114969,16.642391204833984,276.9692077636719
QUINTPHONE_SEGMENT_ARTICULATORY_TYPE,2256.2607421875,2.856026255933544,16.74331283569336,280.3385009765625
SYLLABLE_NEIGHBOURHOOD,445.13568115234375,2.853433853540665,23.85504150390625,569.06298828125
SYLLABLE_NUCLEUS,1.333700180053711,0.039226475883932674,12.009688377380371,144.23260498046875
PHRASE_POSITION,-175.67764282226562,-6.274201529366629,35.27796936035156,1244.5350341796875
