group name,group sum,group mean,group std per feat,group var
WORD_POSITIONAL_RELATIVE,128283.96875,2466.9993990384614,5761.5751953125,33195748.0
SYLLABIC_POSITIONAL_RELATIVE,317356.90625,1652.9005533854167,2411.388427734375,5814794.5
