group name,group sum,group mean,group std per feat,group var
WORD_POSITIONAL_RELATIVE,92063.53125,1770.4525240384614,6109.38037109375,37324528.0
SYLLABIC_POSITIONAL_RELATIVE,123890.875,645.2649739583334,3361.4072265625,11299059.0
