group name,group sum,group mean,group std per feat,group var
WORD_POSITIONAL_RELATIVE,164504.34375,3163.5450721153848,5583.15185546875,31171582.0
WORD_COMPOSITIONAL,266850.09375,2965.001041666667,2003.3262939453125,4013316.0
WORD_PARENTAL_COMPOSITION,211647.609375,2784.8369654605262,2082.915283203125,4338536.5
WORD_POSITIONAL_ABSOLUTE,256655.90625,2333.2355113636363,1528.4959716796875,2336300.0
