group name,group sum,group mean,group std per feat,group var
SEGMENTAL_POSITIONAL_ABSOLUTE,812.8583984375,13.110619329637096,14.652425765991211,214.69357299804688
SEGMENTAL_QUALITATIVE,6852.3095703125,8.459641444830247,10.339035987854004,106.89566040039062
