group name,group sum,group mean,group std per feat,group var
SYLLABIC_COMPOSITIONAL,171719.734375,1907.997048611111,5329.05126953125,28398786.0
WORD_COMPOSITIONAL,120400.0390625,1337.7782118055557,3222.50439453125,10384535.0
PHRASAL_COMPOSITIONAL,329148.875,776.294516509434,2706.69970703125,7326223.5
UTTERANCE_COMPOSITIONAL,106391.78125,611.4470186781609,3671.14404296875,13477299.0
