group name,group sum,group mean,group std per feat,group var
PHRASAL_POSITIONAL_ABSOLUTE,833.9066162109375,29.782379150390625,20.172588348388672,406.933349609375
SYLLABIC_POSITIONAL_ABSOLUTE,4371.193359375,19.514256068638392,16.26633071899414,264.5935363769531
SEGMENTAL_POSITIONAL_ABSOLUTE,1017.0845336914062,16.4045892530872,12.800802230834961,163.8605499267578
WORD_POSITIONAL_ABSOLUTE,1343.7479248046875,12.215890225497159,8.002593040466309,64.04148864746094
