group name,group sum,group mean,group std per feat,group var
WORD_PARENTAL_COMPOSITION,932.7061157226562,12.272448891087583,12.181276321411133,148.3834991455078
SYLLABIC_PARENTAL_COMPOSITION,1534.4368896484375,9.836133908002804,17.350271224975586,301.0318908691406
