group name,group sum,group mean,group std per feat,group var
SEGMENTAL_POSITIONAL_ABSOLUTE,116248.75,1874.9798387096773,3430.46826171875,11768113.0
SEGMENTAL_QUALITATIVE,446280.0,550.9629629629629,3178.697265625,10104116.0
