group name,group sum,group mean,group std per feat,group var
WORD_POSITIONAL_RELATIVE,128283.96875,2466.9993990384614,5761.5751953125,33195748.0
WORD_PARENTAL_COMPOSITION,178146.9375,2344.0386513157896,2326.62451171875,5413181.5
WORD_COMPOSITIONAL,193625.078125,2151.3897569444443,2343.482421875,5491910.0
WORD_POSITIONAL_ABSOLUTE,195959.703125,1781.451846590909,1819.4837646484375,3310521.0
