group name,group sum,group mean,group std per feat,group var
PHRASAL_COMPOSITIONAL,1723.292236328125,4.064368481905955,14.171201705932617,200.82296752929688
PHRASAL_POSITIONAL_ABSOLUTE,-175.67764282226562,-6.274201529366629,35.27796936035156,1244.5350341796875
