group name,group sum,group mean,group std per feat,group var
PHRASAL_POSITIONAL_ABSOLUTE,-96415.3984375,-3443.4070870535716,4938.4150390625,24387942.0
PHRASAL_COMPOSITIONAL,-326260.9375,-769.4833431603773,1229.1907958984375,1510909.875
