group name,group sum,group mean,group std per feat,group var
SEGMENTAL_POSITIONAL_ABSOLUTE,608.6322631835938,9.816649406186995,17.960569381713867,322.5820617675781
SEGMENTAL_QUALITATIVE,2336.544189453125,2.884622456114969,16.642391204833984,276.9692077636719
