group name,group sum,group mean,group std per feat,group var
PHRASAL_COMPOSITIONAL,329148.875,776.294516509434,2706.69970703125,7326223.5
PHRASAL_POSITIONAL_ABSOLUTE,-33554.54296875,-1198.3765345982142,6738.09814453125,45401964.0
