group name,group sum,group mean,group std per feat,group var
SEGMENTAL_POSITIONAL_ABSOLUTE,116248.75,1874.9798387096773,3430.46826171875,11768113.0
SYLLABIC_POSITIONAL_ABSOLUTE,280680.78125,1253.0392020089287,4612.494140625,21275102.0
WORD_POSITIONAL_ABSOLUTE,135263.53125,1229.6684659090909,2416.850341796875,5841165.0
PHRASAL_POSITIONAL_ABSOLUTE,-33554.54296875,-1198.3765345982142,6738.09814453125,45401964.0
