group name,group sum,group mean,group std per feat,group var
SYLLABIC_PARENTAL_COMPOSITION,-208056.390625,-1333.694811698718,2281.1396484375,5203598.0
SYLLABIC_POSITIONAL_ABSOLUTE,-277108.625,-1237.092075892857,2237.568603515625,5006713.0
SYLLABIC_QUALITATIVE,-115560.484375,-1111.1585036057693,1713.37841796875,2935665.75
SYLLABIC_COMPOSITIONAL,-98483.34375,-1094.259375,3065.55224609375,9397611.0
SYLLABIC_POSITIONAL_RELATIVE,-193466.03125,-1007.6355794270834,1541.9351806640625,2377564.0
