group name,group sum,group mean,group std per feat,group var
WORD_COMPOSITIONAL,-73225.0234375,-813.6113715277778,1306.5291748046875,1707018.5
WORD_POSITIONAL_RELATIVE,-36220.4375,-696.546875,1025.81982421875,1052306.25
WORD_POSITIONAL_ABSOLUTE,-60696.1640625,-551.783309659091,882.1621704101562,778210.0625
WORD_PARENTAL_COMPOSITION,-33500.6875,-440.7985197368421,876.4935302734375,768240.875
