group name,group sum,group mean,group std per feat,group var
SEGMENTAL_POSITIONAL_ABSOLUTE,1017.0845336914062,16.4045892530872,12.800802230834961,163.8605499267578
SEGMENTAL_QUALITATIVE,11368.07421875,14.034659529320988,10.288557052612305,105.85440063476562
