group name,group sum,group mean,group std per feat,group var
SYLLABIC_QUALITATIVE,1300.549560546875,12.505284236027645,20.447175979614258,418.08697509765625
SEGMENTAL_QUALITATIVE,6852.3095703125,8.459641444830247,10.339035987854004,106.89566040039062
