group name,group sum,group mean,group std per feat,group var
WORD_PARENTAL_COMPOSITION,144646.203125,1903.2395148026317,2832.720458984375,8024305.5
WORD_POSITIONAL_RELATIVE,92063.53125,1770.4525240384614,6109.38037109375,37324528.0
WORD_COMPOSITIONAL,120400.0390625,1337.7782118055557,3222.50439453125,10384535.0
WORD_POSITIONAL_ABSOLUTE,135263.53125,1229.6684659090909,2416.850341796875,5841165.0
