group name,group sum,group mean,group std per feat,group var
WORD_PARENTAL_COMPOSITION,757.3099975585938,9.964605231034128,14.83099365234375,219.9583740234375
SYLLABIC_PARENTAL_COMPOSITION,445.13568115234375,2.853433853540665,23.85504150390625,569.06298828125
