group name,group sum,group mean,group std per feat,group var
SYLLABIC_QUALITATIVE,-115560.484375,-1111.1585036057693,1713.37841796875,2935665.75
SEGMENTAL_QUALITATIVE,-862511.0625,-1064.8284722222222,1755.9140625,3083234.25
