group name,group sum,group mean,group std per feat,group var
SYLLABIC_COMPOSITIONAL,1414.6756591796875,15.71861843532986,18.707334518432617,349.96435546875
SYLLABIC_POSITIONAL_ABSOLUTE,2920.36279296875,13.03733389718192,16.930633544921875,286.6463623046875
SYLLABIC_QUALITATIVE,1300.549560546875,12.505284236027645,20.447175979614258,418.08697509765625
SYLLABIC_PARENTAL_COMPOSITION,1534.4368896484375,9.836133908002804,17.350271224975586,301.0318908691406
SYLLABIC_POSITIONAL_RELATIVE,1661.554443359375,8.653929392496744,12.625073432922363,159.39247131347656
