group name,group sum,group mean,group std per feat,group var
WORD_PARENTAL_COMPOSITION,144646.203125,1903.2395148026317,2832.720458984375,8024305.5
SYLLABIC_PARENTAL_COMPOSITION,85021.0625,545.0068108974359,4556.314453125,20760002.0
