group name,group sum,group mean,group std per feat,group var
SYLLABIC_COMPOSITIONAL,899.0555419921875,9.989506022135417,27.900787353515625,778.4539184570312
WORD_COMPOSITIONAL,630.3662109375,7.004069010416667,16.871740341186523,284.6556091308594
PHRASAL_COMPOSITIONAL,1723.292236328125,4.064368481905955,14.171201705932617,200.82296752929688
UTTERANCE_COMPOSITIONAL,557.0252075195312,3.20129429608926,19.22064971923828,369.4333801269531
