group name,group sum,group mean,group std per feat,group var
SYLLABIC_COMPOSITIONAL,368686.46875,4096.516319444445,3991.31298828125,15930580.0
SYLLABIC_POSITIONAL_ABSOLUTE,834898.0,3727.223214285714,3106.869384765625,9652638.0
SYLLABIC_QUALITATIVE,363965.40625,3499.6673677884614,3631.349365234375,13186698.0
SYLLABIC_PARENTAL_COMPOSITION,501134.0625,3212.3978365384614,3407.509033203125,11611118.0
SYLLABIC_POSITIONAL_RELATIVE,510823.09375,2660.5369466145835,2255.14306640625,5085670.0
