group name,group sum,group mean,group std per feat,group var
SYLLABIC_PARENTAL_COMPOSITION,2623.73779296875,16.818832006209934,17.84035301208496,318.2781982421875
WORD_PARENTAL_COMPOSITION,1108.1021728515625,14.580291748046875,10.905309677124023,118.92578125
