group name,group sum,group mean,group std per feat,group var
SYLLABIC_PARENTAL_COMPOSITION,-1089.3009033203125,-6.982698098207131,11.943150520324707,142.6388397216797
SYLLABIC_POSITIONAL_ABSOLUTE,-1450.830810546875,-6.476923261369977,11.715019226074219,137.24168395996094
SYLLABIC_QUALITATIVE,-605.0286865234375,-5.8175835242638225,8.97056770324707,80.47107696533203
SYLLABIC_COMPOSITIONAL,-515.6199951171875,-5.729111056857639,16.050020217895508,257.6031494140625
SYLLABIC_POSITIONAL_RELATIVE,-1012.9112548828125,-5.275579452514648,8.072958946228027,65.17266845703125
