group name,group sum,group mean,group std per feat,group var
PHRASAL_POSITIONAL_ABSOLUTE,159276.21875,5688.436383928572,3852.969970703125,14845378.0
PHRASAL_COMPOSITIONAL,981670.75,2315.2612028301887,1799.2042236328125,3237136.0
