group name,group sum,group mean,group std per feat,group var
PHRASAL_POSITIONAL_ABSOLUTE,833.9066162109375,29.782379150390625,20.172588348388672,406.933349609375
PHRASAL_COMPOSITIONAL,5139.63671875,12.12178471403302,9.419913291931152,88.73477172851562
