group name,group sum,group mean,group std per feat,group var
WORD_COMPOSITIONAL,-383.3770446777344,-4.259744940863715,6.840463638305664,46.79194259643555
WORD_POSITIONAL_RELATIVE,-189.63568115234375,-3.6468400221604567,5.3707804679870605,28.84528350830078
WORD_POSITIONAL_ABSOLUTE,-317.7809143066406,-2.888917402787642,4.618647575378418,21.3319034576416
WORD_PARENTAL_COMPOSITION,-175.39622497558594,-2.307845065468236,4.588968276977539,21.058629989624023
