group name,group sum,group mean,group std per feat,group var
SYLLABIC_COMPOSITIONAL,171719.734375,1907.997048611111,5329.05126953125,28398786.0
SYLLABIC_QUALITATIVE,132844.40625,1277.3500600961538,4815.50390625,23189076.0
SYLLABIC_POSITIONAL_ABSOLUTE,280680.78125,1253.0392020089287,4612.494140625,21275102.0
SYLLABIC_POSITIONAL_RELATIVE,123890.875,645.2649739583334,3361.4072265625,11299059.0
SYLLABIC_PARENTAL_COMPOSITION,85021.0625,545.0068108974359,4556.314453125,20760002.0
