group name,group sum,group mean,group std per feat,group var
WORD_POSITIONAL_RELATIVE,861.2791748046875,16.5630610539363,29.23115348815918,854.4603881835938
WORD_COMPOSITIONAL,1397.1202392578125,15.523558213975694,10.488607406616211,110.01087951660156
WORD_PARENTAL_COMPOSITION,1108.1021728515625,14.580291748046875,10.905309677124023,118.92578125
WORD_POSITIONAL_ABSOLUTE,1343.7479248046875,12.215890225497159,8.002593040466309,64.04148864746094
