group name,group sum,group mean,group std per feat,group var
SYLLABIC_PARENTAL_COMPOSITION,501134.0625,3212.3978365384614,3407.509033203125,11611118.0
WORD_PARENTAL_COMPOSITION,211647.609375,2784.8369654605262,2082.915283203125,4338536.5
