group name,group sum,group mean,group std per feat,group var
WORD_POSITIONAL_RELATIVE,861.2791748046875,16.5630610539363,29.23115348815918,854.4603881835938
SYLLABIC_POSITIONAL_RELATIVE,2674.4658203125,13.929509480794271,11.807029724121094,139.40594482421875
