group name,group sum,group mean,group std per feat,group var
SYLLABIC_POSITIONAL_RELATIVE,-1012.9112548828125,-5.275579452514648,8.072958946228027,65.17266845703125
WORD_POSITIONAL_RELATIVE,-189.63568115234375,-3.6468400221604567,5.3707804679870605,28.84528350830078
