group name,group sum,group mean,group std per feat,group var
PHRASAL_POSITIONAL_ABSOLUTE,-504.79217529296875,-18.028291974748885,25.85553741455078,668.5087890625
SYLLABIC_POSITIONAL_ABSOLUTE,-1450.830810546875,-6.476923261369977,11.715019226074219,137.24168395996094
SEGMENTAL_POSITIONAL_ABSOLUTE,-204.22630310058594,-3.2939726306546118,5.341125965118408,28.52762794494629
WORD_POSITIONAL_ABSOLUTE,-317.7809143066406,-2.888917402787642,4.618647575378418,21.3319034576416
