group name,group sum,group mean,group std per feat,group var
PHRASAL_POSITIONAL_ABSOLUTE,-96415.3984375,-3443.4070870535716,4938.4150390625,24387942.0
SYLLABIC_POSITIONAL_ABSOLUTE,-277108.625,-1237.092075892857,2237.568603515625,5006713.0
SEGMENTAL_POSITIONAL_ABSOLUTE,-39007.21484375,-629.1486265120968,1020.154541015625,1040715.3125
WORD_POSITIONAL_ABSOLUTE,-60696.1640625,-551.783309659091,882.1621704101562,778210.0625
