group name,group sum,group mean,group std per feat,group var
WORD_POSITIONAL_RELATIVE,671.64404296875,12.916231595552885,30.165353775024414,909.9485473632812
WORD_PARENTAL_COMPOSITION,932.7061157226562,12.272448891087583,12.181276321411133,148.3834991455078
WORD_COMPOSITIONAL,1013.7431640625,11.263812934027778,12.269525527954102,150.541259765625
WORD_POSITIONAL_ABSOLUTE,1025.9674072265625,9.326976429332387,9.526095390319824,90.74649047851562
