group name,group sum,group mean,group std per feat,group var
WORD_PARENTAL_COMPOSITION,178146.9375,2344.0386513157896,2326.62451171875,5413181.5
SYLLABIC_PARENTAL_COMPOSITION,293077.5625,1878.7023237179487,3313.9033203125,10981955.0
