group name,group sum,group mean,group std per feat,group var
SYLLABIC_PARENTAL_COMPOSITION,-208056.390625,-1333.694811698718,2281.1396484375,5203598.0
WORD_PARENTAL_COMPOSITION,-33500.6875,-440.7985197368421,876.4935302734375,768240.875
