group name,group sum,group mean,group std per feat,group var
SYLLABIC_COMPOSITIONAL,270203.0625,3002.25625,3573.10302734375,12767066.0
SYLLABIC_POSITIONAL_ABSOLUTE,557789.375,2490.1311383928573,3233.752685546875,10457157.0
SYLLABIC_QUALITATIVE,248404.9375,2388.509014423077,3905.408203125,15252214.0
SYLLABIC_PARENTAL_COMPOSITION,293077.5625,1878.7023237179487,3313.9033203125,10981955.0
SYLLABIC_POSITIONAL_RELATIVE,317356.90625,1652.9005533854167,2411.388427734375,5814794.5
