group name,group sum,group mean,group std per feat,group var
SYLLABIC_QUALITATIVE,1905.5782470703125,18.322867760291466,19.012304306030273,361.46771240234375
SEGMENTAL_QUALITATIVE,11368.07421875,14.034659529320988,10.288557052612305,105.85440063476562
