group name,group sum,group mean,group std per feat,group var
SYLLABIC_QUALITATIVE,248404.9375,2388.509014423077,3905.408203125,15252214.0
SEGMENTAL_QUALITATIVE,1308791.0,1615.7913580246914,1974.7557373046875,3899660.0
