group name,group sum,group mean,group std per feat,group var
SYLLABIC_POSITIONAL_RELATIVE,-193466.03125,-1007.6355794270834,1541.9351806640625,2377564.0
WORD_POSITIONAL_RELATIVE,-36220.4375,-696.546875,1025.81982421875,1052306.25
