group name,group sum,group mean,group std per feat,group var
WORD_POSITIONAL_RELATIVE,671.64404296875,12.916231595552885,30.165353775024414,909.9485473632812
SYLLABIC_POSITIONAL_RELATIVE,1661.554443359375,8.653929392496744,12.625073432922363,159.39247131347656
