group name,group sum,group mean,group std per feat,group var
SYLLABIC_COMPOSITIONAL,899.0555419921875,9.989506022135417,27.900787353515625,778.4539184570312
SYLLABIC_QUALITATIVE,695.520263671875,6.687694842998798,25.212051391601562,635.6475219726562
SYLLABIC_POSITIONAL_ABSOLUTE,1469.531982421875,6.560410635811942,24.149179458618164,583.182861328125
SYLLABIC_POSITIONAL_RELATIVE,648.6431884765625,3.378349939982096,17.598987579345703,309.724365234375
SYLLABIC_PARENTAL_COMPOSITION,445.13568115234375,2.853433853540665,23.85504150390625,569.06298828125
