group name,group sum,group mean,group std per feat,group var
SYLLABIC_COMPOSITIONAL,270203.0625,3002.25625,3573.10302734375,12767066.0
WORD_COMPOSITIONAL,193625.078125,2151.3897569444443,2343.482421875,5491910.0
UTTERANCE_COMPOSITIONAL,303824.15625,1746.1158405172414,2612.056884765625,6822841.5
PHRASAL_COMPOSITIONAL,655409.75,1545.777712264151,1941.846923828125,3770769.5
