group name,group sum,group mean,group std per feat,group var
WORD_PARENTAL_COMPOSITION,757.3099975585938,9.964605231034128,14.83099365234375,219.9583740234375
WORD_POSITIONAL_RELATIVE,482.00762939453125,9.26937748835637,31.986234664916992,1023.1192626953125
WORD_COMPOSITIONAL,630.3662109375,7.004069010416667,16.871740341186523,284.6556091308594
WORD_POSITIONAL_ABSOLUTE,708.18603515625,6.438054865056818,12.653660774230957,160.11512756347656
