group name,group sum,group mean,group std per feat,group var
PHRASAL_POSITIONAL_ABSOLUTE,62860.8515625,2245.0304129464284,2394.942138671875,5735748.0
PHRASAL_COMPOSITIONAL,655409.75,1545.777712264151,1941.846923828125,3770769.5
