group name,group mean,group std per feat,group sum,group var
VUV,903.5882568359375,0.0,903.5882568359375,0.0
PHRASE_POSITION,29.782379150390625,20.172588348388672,416.95330810546875,406.933349609375
SYLLABLE_ACCENT_TYPE,25.16761707124256,26.56553840637207,528.5199584960938,705.727783203125
SYLLABLE_LEN_IN_SEGMENTS,21.4477294921875,20.896909713745117,965.1478271484375,436.68084716796875
SYLLABLE_POSITION,19.514256068638392,16.26633071899414,2185.5966796875,264.5935363769531
SYLLABLE_STRESS,17.296289716448104,9.524450302124023,121.07402801513672,90.71515655517578
SYLLABLE_NEIGHBOURHOOD,16.81883044120593,17.840351104736328,1311.8687744140625,318.27813720703125
RELATIVE_WORD_POSITION,16.5630610539363,29.23115348815918,430.63958740234375,854.4603881835938
SEG_POS_IN_SYL,16.4045892530872,12.800802230834961,508.5422668457031,163.86053466796875
SYLLABLE_ACCENTED,15.936901637486049,11.664194107055664,111.55831146240234,136.0534210205078
WORD_LEN_IN_SYLS,15.523555501302083,10.488607406616211,698.5599975585938,110.01089477539062
UTTERANCE_LEN,15.08264300466954,13.052989959716797,1312.18994140625,170.38055419921875
WORD_SURROUNDINGS,14.580293354235197,10.905309677124023,554.0511474609375,118.92578125
QUINTPHONE_SEGMENT_ARTICULATORY_TYPE,14.111743473101265,10.348353385925293,5574.138671875,107.08840942382812
QUINTPHONE_SEGMENTAL_FEATURES,14.034659529320988,10.288557052612305,5684.037109375,105.85440063476562
RELATIVE_SYLLABLE_POSITION,13.929509480794271,11.807029724121094,1337.23291015625,139.40594482421875
WORD_POSITION,12.215891335227273,8.002592086791992,671.8740234375,64.0414810180664
PHRASE_LEN,12.12178471403302,9.419913291931152,2569.818359375,88.73477172851562
SYLLABLE_NUCLEUS,11.272751752068014,5.491143703460693,191.63677978515625,30.15265655517578
QUINTPHONE_SEGMENT_VC,10.989808654785156,6.899688720703125,109.89808654785156,47.60570526123047
